SID_NO,SID_TYPE,SID_IP,SID_PORT,SID_X,SID_Y,STOP_ID,BRT_REVISIONNO,BRN_REVISIONNO,SID_USEFLAG,SID_CHGYMDHMS
100,3,192.168.102.230,,225300.397,226725.201,193040601,487,1264,1,20151007210102
101,3,211.193.209.157,,231216.691,230282.82,192040505,487,1264,1,20151007210032
102,3,118.38.92.194,,230529.859,229660.108,192031704,487,1264,1,20151007210044
103,3,222.96.37.14,,230492.911,229674.52,192031703,487,1264,1,20151007210030
104,3,210.91.185.40,,231756.251,229342.735,192030603,487,1264,1,20151007210025
105,3,210.91.185.30,,231676.449,229372.741,192030604,487,1264,1,20151007210106
106,3,222.96.37.214,,231122.857,229192.936,192030602,487,1264,1,20151007210039
107,3,183.104.144.42,,230191.727,230078.92,192031701,487,1264,1,20151007210033
108,3,222.96.188.20,,227295.79,228423.09,192021209,487,1264,1,20151007210108
109,3,112.163.58.31,,230665.296,228857.974,192024706,487,1264,1,20151007210038
110,3,118.39.88.157,,230610.658,228880.472,192024301,487,1264,1,20151007210113
111,2,183.103.234.146,,228806.4809,228617.8727,192021409,487,1264,1,20151007210025
112,2,121.176.249.58,,229317.63,228781.96,192021403,487,1264,1,20151007210019
113,3,210.91.185.20,,230607.444,228816.192,192024302,487,1264,1,20151007210116
114,3,222.96.37.216,,230014.3,228762.97,192024707,487,1264,1,20151007210105
115,2,121.176.249.159,,229635.02,228765.59,192024711,487,1264,1,20151007210102
116,2,222.96.37.114,,231085.769,230236.321,192011205,482,1263,1,20150807111306
117,2,121.176.249.13,,228633.39,229254.07,192022702,487,1264,1,20151007210028
118,2,121.176.249.26,,228325.45,229067.9,192022704,487,1264,1,20151007210055
119,3,121.176.249.29,,229548.61,229592.01,192030916,487,1264,1,20151007210034
120,3,59.28.166.91,,226861.86,226376.23,193040607,487,1264,1,20151007210021
121,3,59.19.124.106,,226211.5,226504.75,193040605,474,1258,1,20151007210104
122,3,121.146.43.198,,226204.33,226537.35,193040606,487,1264,1,20151007210111
123,3,59.28.163.232,,231014.98,227069.45,193040422,487,1264,1,20151007210100
124,3,121.146.52.44,,223834.78,228061.113,193030703,474,1258,1,20151007210057
125,3,121.146.52.46,,223852.936,228015.664,193030704,487,1264,1,20151007210046
126,3,59.21.66.16,,223531.162,227352.214,193030707,487,1264,1,20151007210027
127,3,59.21.66.9,,223604.604,227457.695,193030708,487,1264,1,20151007210048
128,1,125.135.86.232,,227934.69,226016.38,193031301,487,1264,1,20151007210055
129,3,222.97.94.55,,228278.98,224783.12,193031308,487,1264,1,20151007210046
130,3,59.28.163.179,,230830.722,227674.537,193031712,487,1264,1,20151007210046
131,3,211.196.174.6,,230099.25,225317.3,193031212,487,1264,1,20151007210053
132,3,220.77.140.106,,223951.5,228759.04,193040224,487,1264,1,20151007210028
133,3,220.77.139.181,,228982.04,225804.63,193031206,487,1264,1,20151007210040
134,3,221.152.133.61,,229554.28,225598.41,193031210,487,1264,1,20151007210105
135,3,222.119.2.67,,229486.42,227569.73,193040524,487,1264,1,20151007210045
136,3,220.92.126.54,,223979.21,227220.37,193022403,487,1264,1,20151007210020
137,3,59.21.66.8,,224243.62,228104.69,193022601,487,1264,1,20151007210055
138,3,59.28.166.78,,227497.91,226256.06,193040613,487,1264,1,20151007210104
139,3,59.21.82.42,,238598.89,227011.99,194024209,487,1264,1,20151007210022
140,3,59.21.80.43,,238645.13,227021.4,194024210,487,1264,1,20151007210026
141,3,61.78.191.103,,239299.28,225752.54,194024216,487,1264,1,20151007210048
142,3,121.146.5.42,,239195.49,224992.61,194024220,487,1264,1,20151007210110
143,3,121.146.18.63,,239076.22,223932.26,194024226,487,1264,1,20151007210031
144,3,121.146.18.78,,239030.12,223536.03,194024228,487,1264,1,20151007210044
145,3,61.78.191.61,,238989.8,223216.24,194024230,487,1264,1,20151007210105
146,3,61.78.191.35,,238834.84,222400.61,194024234,487,1264,1,20151007210034
147,3,222.97.207.24,,238641.95,221304.01,194025009,487,1264,1,20151007210030
148,3,112.163.9.228,,238692.16,221716.53,194024236,487,1264,1,20151007210017
149,3,222.96.101.27,,237991.88,221212.58,194024242,487,1264,1,20151007210022
150,3,222.96.5.28,,237946.02,221967.97,194027124,487,1264,1,20151007210022
151,3,121.146.5.104,,238712.99,224773.38,194027108,487,1264,1,20151007210023
152,3,115.6.243.57,,238492.02093385,225430.56833583,194027106,487,1264,1,20151007210041
153,3,61.78.191.113,,238734.96,225779.69,194027104,487,1264,1,20151007210047
154,3,125.135.73.241,,237891.16,222516.95,194027122,487,1264,1,20151007210109
155,3,118.39.82.130,,237916.38,223225.82,194027118,487,1264,1,20151007210025
156,3,121.146.5.192,,238419.8,224137.67,194027112,487,1264,1,20151007210050
157,3,61.78.191.70,,239290.41,225357.73,194024218,487,1264,1,20151007210030
158,3,121.176.168.64,,232762.911,231598.468,195026341,487,1264,1,20151007210109
159,3,121.176.168.9,,233141.167,232410.048,195026103,487,1264,1,20151007210059
160,3,121.146.48.66,,231764.43,237227.68,195025305,487,1264,1,20151007210018
161,3,210.222.166.220,,234929.62,227308.97,195030623,487,1264,1,20151007210058
162,3,121.176.174.231,,234892.229,227569.387,195030624,487,1264,1,20151007210058
163,3,118.38.73.66,,232165.054,229369.94,195030606,486,1264,1,20151007210056
164,3,121.176.168.70,,232443.034,232881.621,195040328,487,1264,1,20151007210103
165,3,,,232357.036,233055.055,195040327,71,10,0,20140623174851
166,3,221.162.166.71,,235564.53,226173.41,195030630,487,1264,1,20151007210024
167,3,118.35.189.250,,231054.13,238900.58,195040317,486,1264,1,20151007210044
168,3,118.35.223.237,,235100.87,226901.05,195030625,487,1264,1,20151007210058
169,3,221.162.166.16,,235041.58,227086.14,195030626,487,1264,1,20151007210022
170,2,211.193.152.86,,231272.63,236952.52,195020207,487,1264,1,20151007210029
171,3,118.35.223.209,,235314.73,226488.62,195030627,487,1264,1,20151007210022
172,3,221.162.166.13,,235262.43,226652.58,195030628,487,1264,1,20151007210059
173,3,118.35.223.157,,233377.596,229396.706,195030612,487,1264,1,20151007210039
174,3,121.176.167.63,,232626.684,232408.868,195026101,487,1264,1,20151007210024
175,3,118.35.223.189,,234385.517,228950.168,195030618,487,1264,1,20151007210116
176,2,211.197.36.11,,232197.31,236169.92,195025311,487,1264,1,20151007210025
177,3,118.35.180.22,,228442.11,215284.57,196031605,487,1264,1,20151007210103
178,3,61.79.49.26,,227998.9653,215215.8448,196031601,487,1264,1,20151007210108
179,3,211.193.85.123,,225681.72,213112.16,196031520,486,1264,1,20151007210106
180,3,221.164.47.104,,221674.461,230410.285,196020406,487,1264,1,20151007210019
181,3,222.96.37.108,,231412.864,230336.66,192040503,487,1264,1,20151007210025
182,3,211.193.209.171,,230608.721,229875.3,192040509,487,1264,1,20151007210052
183,3,211.193.209.135,,230166.171,230159.496,192031702,487,1264,1,20151007210048
184,3,222.119.226.89,,230938.34,228883.735,192031708,487,1264,1,20151007210043
185,3,59.28.220.206,,231019.586,229742.794,192024701,487,1264,1,20151007210048
186,3,121.176.249.12,,228882.04,228478.69,192021605,487,1264,1,20151007210028
187,3,59.28.220.207,,231232.026,229239.035,192030601,487,1264,1,20151007210018
188,3,121.176.246.101,,229475.21,228727.11,192024713,487,1264,1,20151007210028
189,3,121.176.249.22,,227909.53,228586.06,192021212,487,1264,1,20151007210111
190,3,222.96.74.43,,231445.003,231583.556,192030901,487,1264,1,20151007210049
191,3,121.176.224.86,,230080.52,225303.92,193031211,487,1264,1,20151007210047
192,3,211.196.174.42,,230456.24,225030.48,193031214,487,1264,1,20151007210019
193,3,59.19.124.39,,227421.49,226300.46,193040614,487,1264,1,20151007210041
194,3,221.162.214.24,,226603.22,226465.59,193040608,487,1264,1,20151007210039
195,3,220.92.127.120,,223750.828,227783.399,193030706,487,1264,1,20151007210113
196,3,220.77.140.202,,223687.574,227732.859,193030705,487,1264,1,20151007210109
197,3,220.77.140.50,,223345.853,227018.658,193030712,487,1264,1,20151007210050
198,3,220.92.126.58,,223318.54,227028.89,193030711,487,1264,1,20151007210018
199,3,218.147.8.117,,224653.87,228089.67,193022603,487,1264,1,20151007210106
200,3,121.146.27.60,,227731.58,226764.67,193022506,487,1264,1,20151007210024
201,3,121.146.18.95,,238918.17,222809.95,194024232,487,1264,1,20151007210039
202,3,121.176.180.6,,237819.58,222924.73,194027120,487,1264,1,20151007210022
203,3,61.78.191.104,,239239.45,226302.27,194024214,487,1264,1,20151007210021
204,3,61.78.191.100,,239233.18,224405.49,194024224,487,1264,1,20151007210036
205,3,121.146.11.234,,238987.16,226671.86,194024212,487,1264,1,20151007210031
206,3,125.135.73.157,,237787.7,221555.33,194027125,487,1264,1,20151007210056
207,3,61.78.191.158,,239003.46,226599.43,194024211,486,1264,1,20151007210031
208,3,61.78.191.147,,238508.22,224439.74,194027110,487,1264,1,20151007210017
209,3,222.97.207.85,,238235.66,221265.1,194024240,487,1264,1,20151007210019
210,3,61.78.191.97,,239071.95,226046.42,194027102,487,1264,1,20151007210107
211,3,121.176.168.30,,232838.266,231585.296,195026342,487,1264,1,20151007210039
212,3,118.35.136.147,,235941.59,225827.04,195030632,487,1264,1,20151007210104
213,3,211.193.152.36,,231556.06,237567.35,195025303,487,1264,1,20151007210043
214,3,121.176.168.26,,233123.39,232437.753,195026104,487,1264,1,20151007210104
215,3,121.176.168.118,,233161.88,232151.967,195025701,487,1264,1,20151007210106
216,3,211.193.152.46,,230801.35,237067.85,195020203,487,1264,1,20151007210049
217,3,211.193.152.81,,230443.9,237122.76,195020201,487,1264,1,20151007210049
218,3,1.109.184.182,,234725.266,228198.15,195030622,487,1264,1,20151007210058
219,3,115.22.119.92,,231778,237258.35,195025306,487,1264,1,20151007210104
220,3,121.176.140.129,,232623.484,232434.353,195026102,487,1264,1,20151007210034
221,3,112.185.222.198,,209149.777,231173.925,196030227,487,1264,1,20151007210019
222,3,112.185.162.4,,222095.877,230193.902,196020411,487,1264,1,20151007210051
223,3,121.146.50.27,,222107.434,230216.787,196020412,487,1264,1,20151007210040
224,3,121.146.50.148,,221851.999,230650.432,196020410,487,1264,1,20151007210033
225,3,121.146.41.25,,218920.228,218565.517,196030520,487,1264,1,20151007210041
226,3,211.192.151.167,,229480.46,219011.31,196040118,487,1264,1,20151007210102
227,3,221.162.212.249,,227671.95,221673.47,196022104,487,1264,1,20151007210105
228,3,14.44.68.4,,211333.532,229967.938,196015612,487,1264,1,20151007160548
229,3,118.35.153.249,,208099.158,232656.106,196030219,487,1264,1,20151007210114
230,3,211.193.85.41,,225585.13,212664.41,196025402,487,1264,1,20151007210023
231,3,211.193.158.150,,228325.821,226947.962,193031109,487,1264,1,20151007210047
301,3,222.119.128.112,,231101.67,227032.3,193040421,487,1264,1,20151007210035
302,3,222.119.128.202,,230788.18,227230.14,193031714,487,1264,1,20151007210115
303,3,59.28.162.205,,230798.55,227615.066,193031711,487,1264,1,20151007210102
306,3,59.19.124.96,,227246.26,226301.18,193040611,486,1264,1,20151007210030
307,3,59.19.124.123,,226954.42,226392.55,193040610,487,1264,1,20151007210054
308,3,121.146.43.138,,225896.27,226597.5,193040603,487,1264,1,20151007210045
309,3,211.193.158.143,,225684.35,226602.57,193040604,487,1264,1,20151007210054
310,3,121.146.43.104,,225260.13,226830.02,193040602,487,1264,1,20151007210058
311,3,220.77.140.107,,224881.21,228365.89,193012201,487,1264,1,20151007210036
312,2,220.77.140.130,,224889.15,228343.71,193012202,487,1264,1,20151007210022
313,3,218.147.8.29,,225282.97,227859.68,193022607,487,1264,1,20151007210018
314,2,220.92.127.107,,223124.438,226761.108,193030717,487,1264,1,20151007210100
315,3,220.92.127.98,,223052.959,226662.178,193030713,487,1264,1,20151007210042
316,3,220.92.126.96,,222819.087,226470.621,193030597,487,1264,1,20151007210059
317,2,220.77.140.77,,223975.67,227592.94,193022402,487,1264,1,20151007210100
318,3,220.77.140.120,,223926.41,227701.76,193022401,487,1264,1,20151007210049
319,3,220.77.140.86,,224043.53,227210.67,193022404,487,1264,1,20151007210031
320,3,220.77.140.143,,223875.431,228209.592,193030701,487,1264,1,20151007210037
321,3,211.193.209.140,,230917.264,228845.277,192031707,487,1264,1,20151007210023
322,3,118.35.133.84,,230903.413,228523.794,192031710,487,1264,1,20151007210032
323,3,210.91.185.72,,230136.416,228364.403,192021614,487,1264,1,20151007210036
324,3,210.91.185.85,,229747.3,228403.04,192021612,487,1264,1,20151007210029
325,3,61.76.198.145,,222209.5,225440.908,196030507,487,1264,1,20151007210032
326,3,221.164.51.154,,222229.496,225420.324,196030508,487,1264,1,20151007175324
327,3,218.147.8.10,,225256.49,227897.97,193022608,487,1264,1,20151007210023
328,3,121.176.143.225,,221460.321,223619.81,196030511,487,1264,1,20151007210030
329,3,221.164.51.144,,221483.114,223609.658,196030512,487,1264,1,20151007210018
330,3,211.197.170.39,,220809.216,221701.593,196024629,487,1264,1,20151007210047
331,3,211.197.170.45,,219692.15,220836.103,196030513,487,1264,1,20151007210024
332,3,121.146.41.51,,219730.261,220835.303,196030514,487,1264,1,20151007210059
333,3,121.146.41.10,,219916.024,219818.193,196030517,487,1264,1,20151007210017
334,3,121.146.41.49,,219927.482,219722.794,196030518,487,1264,1,20151007210044
335,3,210.105.134.251,,218957.737,218641.232,196030519,487,1264,1,20151007210116
336,3,121.146.41.43,,218678.24,217693.826,196030522,487,1264,1,20151007210057
337,3,221.162.167.13,,218260.907,216990.437,196030524,487,1264,1,20151007210055
338,3,221.162.167.14,,217947.91,216427.957,196030526,482,1264,1,20151007210034
339,2,221.162.167.11,,217433.279,215783.21,196030528,487,1264,1,20151007210048
340,3,220.77.141.183,,210983.743,229187.855,196030103,487,1264,1,20151007210023
341,3,220.77.141.58,,210590.202,228173.725,196030108,487,1264,1,20151007210040
342,3,220.77.141.121,,210482.278,227885.129,196030110,487,1264,1,20151007210032
343,3,220.77.141.62,,210351.579,227677.168,196030113,487,1264,1,20151007210023
344,3,220.77.141.32,,210373.464,227659.334,196030114,486,1264,1,20151007210022
345,3,221.162.139.162,,209959.711,226989.603,196030117,487,1264,1,20151007210044
346,3,221.162.139.207,,209836.799,226675.441,196030122,487,1264,1,20151007210053
347,3,183.104.142.58,,209516.782,226163.87,196030124,487,1264,1,20151007210031
348,3,211.193.189.30,,209294.979,225958.05,196030125,487,1264,1,20151007210032
349,3,211.193.189.80,,209344.218,225962.151,196030126,487,1264,1,20151007210028
350,3,183.104.142.3,,209112.722,225646.309,196030127,487,1264,1,20151007210054
351,3,211.193.189.98,,209017.552,225404.231,196030129,487,1264,1,20151007210050
352,3,211.193.189.12,,209017.197,225382.167,196030130,487,1264,1,20151007210044
353,3,211.193.189.15,,208707.541,225123.556,196030131,487,1264,1,20151007210107
354,3,211.193.189.90,,208666.707,223913.518,196030135,487,1264,1,20151007210105
355,3,211.193.189.13,,208689.186,223939.853,196030136,487,1264,1,20151007210055
401,3,222.96.37.97,,231330.661,230251.934,192040506,487,1264,1,20151007210031
402,3,221.152.29.18,,224221.574,229564.429,192021109,487,1264,1,20151007210105
403,3,221.152.29.26,,224478.13,229314.39,192021111,487,1264,1,20151007210029
404,3,221.152.29.9,,224687.923,229063.62,192021113,487,1264,1,20151007210049
405,3,221.152.29.38,,224864.314,228906.559,192021115,487,1264,1,20151007210037
406,3,121.176.248.86,,228615.843,229267.21,192022701,487,1264,1,20151007210046
407,3,118.47.66.63,,228146.731,228987.235,192022703,487,1264,1,20151007210021
408,2,14.44.105.114,,230078.87,228920.742,192021407,487,1264,1,20151007210030
409,3,183.104.145.246,,229789.647,228754.57,192024709,487,1264,1,20151007210040
410,2,59.28.220.213,,230668.7,229435.463,192031705,487,1264,1,20151007210055
411,3,121.176.169.99,,231144.47,231548.209,192030903,487,1264,1,20151007210027
412,3,222.96.74.24,,230686.964,230876.137,192030907,487,1264,1,20151007210034
413,3,222.96.37.211,,230010.237,230267.707,192030911,487,1264,1,20151006171018
414,3,210.91.185.28,,229921.064,230098.314,192030912,487,1264,1,20151007210111
415,3,183.104.144.52,,229537.273,229618.719,192030915,487,1264,1,20151007210108
416,3,121.176.248.23,,229021.808,229500.736,192030919,487,1264,1,20151007210039
417,3,121.176.248.155,,228262.912,228798.608,192021002,487,1264,1,20151007210023
418,3,121.176.248.87,,228942.394,229527.341,192023908,487,1264,1,20151007210023
419,3,222.96.74.161,,230978.621,231307.311,192030905,487,1264,1,20151007210030
420,3,121.176.248.39,,228016.898,228667.172,192022705,487,1264,1,20151007210042
421,3,211.193.209.159,,230957.42,230127.809,192040507,487,1264,1,20151007210108
422,3,121.146.40.193,,232038.982,227192.092,193040344,487,1264,1,20151007210018
423,3,220.92.127.102,,224175.164,228366.363,193030931,487,1264,1,20151007210107
424,3,220.77.140.123,,224188.181,228342.689,193030932,487,1264,1,20151007210100
425,3,220.77.140.47,,224452.541,228428.365,193030930,487,1264,1,20151007210047
426,3,121.146.40.168,,232086.951,227274.119,193040343,487,1264,1,20151007210018
427,3,121.176.170.190,,227888.293,227778.348,193022502,487,1264,1,20151007210023
428,3,121.146.26.26,,227855.421,227735.669,193022501,487,1264,1,20151007210032
429,3,211.192.151.156,,228232.893,224784.079,193031307,487,1264,1,20151007210027
430,3,220.77.140.205,,224379.273,228539.607,193040226,487,1264,1,20151007210036
431,3,218.147.8.186,,224770.397,228113.254,193012204,487,1264,1,20151007210037
432,3,218.147.8.24,,224903.217,228026.046,193022605,487,1264,1,20151007210038
433,3,218.147.8.21,,225674.091,227725.667,193022609,487,1264,1,20151007210043
434,3,59.19.124.10,,227822.861,226368.631,193022507,487,1264,1,20151007210028
435,3,211.193.158.166,,227866.903,226291.545,193022508,487,1264,1,20151007210059
436,3,59.28.166.66,,227743.38,227252.12,193022503,487,1264,1,20151007210042
437,3,175.244.209.17,,227768.813,227243.873,193022504,487,1264,1,20151007210041
438,3,121.146.26.17,,228520.772,226017.122,193031203,487,1264,1,20151007210104
439,3,222.96.100.186,,229082.703,225717.913,193031205,487,1264,1,20151007210025
440,3,118.39.82.181,,237864.552,223188.326,194027117,487,1264,1,20151007210032
441,3,121.176.180.123,,239183.591,224630.719,194024222,487,1264,1,20151007210053
442,3,121.146.11.174,,238983.318,227367.087,194027718,487,1264,1,20151007210023
443,3,61.76.74.81,,239086.102,227648.022,194027715,487,1264,1,20151007210104
444,3,121.146.18.89,,238672.919,224748.172,194027107,487,1264,1,20151007210028
445,3,61.78.191.65,,238694.243,225765.322,194027103,487,1264,1,20151007210021
446,3,222.97.207.15,,238588.266,221527.019,194024238,487,1264,1,20151007210103
447,3,61.78.191.47,,238482.133,225400.26,194027105,487,1264,1,20151006235847
448,3,61.78.191.60,,237852.121,222587.798,194027121,487,1264,1,20151007210110
449,3,59.21.82.13,,238164.681,226990.973,194024208,487,1264,1,20151007210021
450,3,61.78.191.88,,239188.441,226331.243,194024213,487,1264,1,20151007210027
451,3,121.146.18.85,,238094.481,223522.491,194027116,487,1264,1,20151007210030
452,3,61.78.191.20,,238961.458,225980.024,194027101,487,1264,1,20151007210107
453,3,121.146.5.60,,239241.351,225167.675,194024219,487,1264,1,20151007210028
454,2,121.146.48.36,,232201.127,236192.191,195025312,487,1264,1,20151007210057
455,2,121.146.48.22,,232046.258,236479.538,195025310,487,1264,1,20151007210018
456,2,121.146.48.24,,232074,236406.553,195025309,487,1264,1,20151007210056
457,3,121.146.48.107,,231802.257,236782.697,195025307,487,1264,1,20151007210106
458,2,121.146.48.106,,231812.403,236793.499,195025308,487,1264,1,20151007210039
459,3,211.193.152.42,,231408.772,237954.278,195025301,487,1264,1,20151007210101
460,3,211.193.152.13,,231411.957,238001.777,195025302,487,1264,1,20151007210043
461,3,118.35.223.219,,234585.518,228486.997,195030619,487,1264,1,20151007210031
462,3,118.35.223.242,,234743.86,228064.914,195030621,487,1264,1,20151007210037
463,3,118.35.223.207,,233301.662,229378.932,195030611,487,1264,1,20151007210049
464,3,118.35.136.224,,236213.643,225484.877,195030634,487,1264,1,20151007210043
465,3,121.146.48.116,,231571.503,237579.724,195025304,487,1264,1,20151007210108
466,3,121.176.168.85,,232994.547,231765.561,195025703,487,1264,1,20151007210036
467,3,121.176.168.81,,233180.919,232175.232,195025702,487,1264,1,20151007210026
468,3,211.193.152.12,,231054.983,236895.56,195020205,487,1264,1,20151007210036
469,3,221.164.81.107,,230702.654,240559.46,195040311,487,1264,1,20151007210029
470,3,221.164.81.13,,230883.954,240025.745,195040313,487,1264,1,20151007210018
471,3,118.35.223.175,,234068.717,229245.816,195030616,487,1264,1,20151007210028
472,3,118.35.223.150,,233791.67,229334.894,195030614,487,1264,1,20151007210024
473,3,221.162.166.40,,236012.191,225722.684,195030631,487,1264,1,20151007210028
474,3,221.162.166.38,,235574.92,226124.953,195030629,487,1264,1,20151007210057
475,3,61.76.99.205,,211552.324,229584.663,196030348,487,1264,1,20151007210035
476,3,220.77.141.79,,211517.892,229565.649,196030347,487,1264,1,20151007210041
477,3,121.146.50.34,,221920.31,230703.743,196020415,487,1264,1,20151007210115
478,3,121.146.50.10,,221845.746,230942.64,196020421,487,1264,1,20151007210033
479,3,121.146.50.105,,222449.74,230396.832,196020420,487,1264,1,20151007210105
480,3,221.152.117.69,,225505.363,213265.085,196031518,487,1264,1,20151007210103
481,3,59.21.88.199,,227914.559,221674.838,196040108,487,1264,1,20151007210109
482,3,121.146.50.87,,222190.626,230534.749,196020417,487,1264,1,20151007210020
483,3,211.192.151.175,,229534.79,218966.996,196040117,487,1264,1,20151007210044
484,3,220.77.141.28,,209839.356,230211.526,196030237,487,1264,1,20151007210043
485,3,112.185.166.145,,231025.682,209735.752,196023308,487,1264,1,20151007210102
486,3,220.77.140.180,,223934.363,228728.414,193040223,487,1264,1,20151007210102
487,3,118.35.134.191,,222496.191,229914.417,196020425,487,1264,1,20151007210101
488,3,121.146.37.18,,217227.158,229120.782,196030435,487,1264,1,20151007210051
489,3,112.185.221.195,,216105.48,228531.306,196030425,487,1264,1,20151007210018
490,3,59.21.107.46,,226847.218,221242.373,196024621,487,1264,1,20151007210029
501,2,59.21.77.36,,230465.276,228444.289,192024303,487,1264,1,20151007210042
502,3,121.176.246.125,,229087.414,228425.835,192021609,487,1264,1,20151007210020
503,2,183.104.144.24,,230876.727,229318.35,192024703,487,1264,1,20151007210047
504,2,183.104.145.169,,230895.418,229314.361,192024704,487,1264,1,20151007210101
505,3,210.91.185.19,,231695.933,230602.063,192011307,487,1264,1,20151007210055
506,3,222.96.74.14,,231222.787,231546.048,192030904,487,1264,1,20151007210045
507,3,222.96.74.69,,231530.299,231556.23,192030902,487,1264,1,20151007210032
508,3,210.91.185.38,,231712.481,231251.97,192011303,487,1264,1,20151007210047
509,3,222.96.74.139,,230763.838,230900.921,192030908,487,1264,1,20151007210032
510,3,121.146.30.224,,230866.927,230343.412,192011204,487,1264,1,20151007210046
511,3,210.91.185.15,,230840.093,230343.312,192011203,487,1264,1,20151007210045
512,2,210.91.185.17,,230716.496,230851.722,192011201,487,1264,1,20151007210043
513,2,121.176.255.187,,228903.309,228867.922,192021006,487,1264,1,20151007210059
514,2,61.75.133.99,,229221.05,228973.243,192021008,487,1264,1,20151007210058
515,3,175.244.236.107,,230445.677,230658.624,192030909,487,1264,1,20151007210107
516,3,210.91.185.95,,230426.547,230604.853,192030910,487,1264,1,20151007210039
517,3,121.176.178.25,,231759.633,230889.769,192011305,487,1264,1,20151007210024
518,3,210.91.185.77,,231632.002,231426.655,192011301,487,1264,1,20151007210033
519,3,222.96.37.61,,229760.882,229850.905,192030913,487,1264,1,20151007210032
520,2,121.176.255.188,,229487.514,228706.13,192024714,487,1264,1,20151007210017
521,3,59.28.220.237,,230683.697,229451.937,192031706,487,1264,1,20151007210048
522,2,121.176.255.174,,228060.577,228761.281,192022706,487,1264,1,20151007210038
523,2,218.147.8.118,,224761.191,228131.977,193012203,487,1264,1,20151007210059
524,3,125.135.87.231,,230944.544,224577.139,193023502,487,1264,1,20151007210024
525,3,121.146.27.39,,228579.53,226021.852,193031204,487,1264,1,20151007210035
526,3,121.146.39.36,,229308.227,225621.014,193031208,487,1264,1,20151007210115
527,3,121.146.39.80,,229713.359,225575.755,193031209,487,1264,1,20151007210045
528,3,211.193.158.160,,228255.776,225322.055,193031303,486,1264,1,20151007210019
529,3,211.219.243.224,,228050.43,224101.935,193031309,487,1264,1,20151007210050
530,3,220.84.126.109,,227995.772,223339.085,193031311,487,1264,1,20151007210040
531,3,220.77.140.196,,224225.09,228596.99,193040225,487,1264,1,20151007210111
532,3,222.119.72.145,,229472.426,227479.429,193040523,487,1264,1,20151007210056
533,2,220.77.139.232,,229887.50962558,226422.40764172,193040530,487,1264,1,20151007210021
534,3,220.77.139.24,,229784.557,226583.653,193040529,487,1264,1,20151007210052
535,2,210.113.133.201,,229994.267,227397.673,193031010,487,1264,1,20151007210044
536,3,59.28.166.54,,227963.121,226063.401,193031302,487,1264,1,20151007210107
537,3,210.223.161.25,,230697.861,224085.222,193040347,487,1264,1,20151007210100
538,3,211.193.158.148,,228368.212,225047.801,193031306,487,1264,1,20151007210039
539,3,222.96.101.36,,237777.738,221507.915,194027126,487,1264,1,20151007210032
540,2,222.97.206.91,,238508.621,221082.512,194025007,487,1264,1,20151007210047
541,3,121.176.180.14,,239267.616,225876.444,194024215,487,1264,1,20151007210048
542,3,121.146.5.35,,239263.178,225382.577,194024217,487,1264,1,20151007210109
543,3,121.176.180.71,,239177.453,224570.617,194024221,487,1264,1,20151007210028
544,3,121.146.18.42,,239059.004,223949.385,194024225,487,1264,1,20151007210044
545,3,121.176.180.10,,239006.63,223518.771,194024227,487,1264,1,20151007210029
546,3,220.92.127.84,,224456.377,228119.485,193022604,487,1264,1,20151007210034
547,3,118.38.73.189,,232498.608,228311.312,195040341,487,1264,1,20151007210026
548,3,118.38.73.131,,232155.056,229346.496,195030605,487,1264,1,20151007210034
549,3,118.35.223.221,,234544.998,228651.749,195030620,485,1264,1,20151007210019
550,3,211.193.152.34,,231486.001,238120.91,195025528,487,1264,1,20151007210048
551,3,59.21.112.43,,231018.852,239173.187,195040315,487,1264,1,20151007210047
552,3,221.164.81.17,,230716.108,240944.805,195040309,487,1264,1,20151007210051
553,3,118.35.223.178,,232692.446,230503.913,195040335,487,1264,1,20151007210043
554,3,118.35.160.158,,232554.446,232199.997,195040330,487,1264,1,20151007210050
555,3,118.38.73.180,,232966.384,229427.232,195030609,487,1264,1,20151007210044
556,3,121.176.128.141,,232680.691,229455.467,195030610,487,1264,1,20151007210045
557,3,221.162.159.232,,232165.293,234703.549,195025319,487,1264,1,20151007210049
558,3,211.193.152.87,,231160.44,238283.722,195040319,487,1264,1,20151007210026
559,3,220.77.140.90,,224131.279,228134.538,193022602,487,1264,1,20151007210110
560,3,1.108.41.247,,232547.303,228342.909,195040342,487,1264,1,20151007210032
561,2,118.38.73.30,,232325.647,231044.766,195014817,487,1264,1,20151007210033
562,3,118.35.155.69,,211103.241,229627.091,196030240,487,1264,1,20151007210112
563,3,220.77.140.237,,222767.118,229184.154,196040217,487,1264,1,20151007210018
564,3,118.38.81.100,,223010.632,229086.215,196040219,487,1264,1,20151007210040
565,3,220.77.140.209,,223390.481,228995.777,196040221,487,1264,1,20151007210104
566,3,220.77.140.37,,224430.813,228451.79,193030929,487,1264,1,20151007210056
567,3,121.176.144.53,,221588.868,222116.635,196024602,485,1264,1,20151007210115
568,2,125.135.97.24,,211351.663,230251.444,196015610,487,1264,1,20151007210024
569,2,220.119.123.169,,227073.707,221221.959,196024623,487,1264,1,20151007210040
570,2,221.164.50.16,,210664.757,228532.416,196030105,470,1257,1,20150404083944
571,3,59.21.107.148,,226551.949,218949.453,196031504,487,1264,1,20151007210037
572,3,61.76.132.161,,222603.9508,230002.7996,196020413,487,1264,1,20151007210024
573,3,61.76.132.147,,221065.049,230170.985,196040214,487,1264,1,20151007210046
574,3,221.152.114.238,,225813.906,212606.726,196025404,487,1264,1,20151007210100
575,3,221.164.37.182,,226210.558,212475.38,196025406,487,1264,1,20151007210030
576,3,220.77.141.131,,210370.873,230198.773,196020605,487,1264,1,20151007210057
577,3,112.185.170.156,,208423.622,232332.083,196030221,487,1264,1,20151007210111
578,3,59.21.87.128,,220663.28,230326.518,196015505,487,1264,1,20151007210046
579,3,59.21.87.128,,220690.243,230355.115,196015506,487,1264,1,20151007210112
580,3,118.35.169.150,,215143.127,228063.624,196030419,487,1264,1,20151007210106
581,3,121.146.23.114,,229363.36,226645.95,193040411,487,1264,1,20151007210024
582,3,222.119.121.12,,229307.81,226659.86,193040412,487,1264,1,20151007210052
583,3,222.119.4.26,,228508.28,226470.79,193031116,487,1264,1,20151007210034
584,3,59.21.71.89,,227991.85,227922.5,193031101,487,1264,1,20151007210030
585,3,220.77.139.190,,230280.68,226890.66,193040417,487,1264,1,20151007210028
601,3,121.176.248.54,,228654.103,228813.901,192021004,487,1264,1,20151007210024
602,3,121.176.248.77,,229603.818,229153.728,192021010,487,1264,1,20151007210114
603,3,118.38.94.196,,230956.917,231187.628,192030906,487,1264,1,20151007210032
604,2,222.96.37.83,,229794.431,229848.685,192030914,487,1264,1,20151007210028
605,2,118.38.79.145,,231013.589,230111.916,192040508,487,1264,1,20151007210044
606,3,222.96.37.230,,230719.87,229900.425,192040510,487,1264,1,20151007210113
607,3,115.22.100.22,,229887.647,229345.186,192040515,487,1264,1,20151007210055
608,3,121.176.248.121,,229567.712,228978.234,192040517,487,1264,1,20151007210103
609,3,61.75.208.78,,229025.636,229461.979,192030920,487,1264,1,20151007210026
610,2,125.135.86.24,,227693.754,226827.461,193022505,487,1264,1,20151007210023
611,2,218.147.8.27,,224824.933,228068.655,193022606,487,1264,1,20151007210035
612,3,121.146.27.81,,228233.429,225419.844,193031304,487,1264,1,20151007210042
613,3,220.84.126.93,,228084.747,224156.406,193031310,487,1264,1,20151007210030
614,3,220.84.126.29,,228016.18,223420.411,193031312,487,1264,1,20151007210114
615,3,220.84.126.125,,228029.799,223250.648,193031314,487,1264,1,20151007210023
616,3,222.119.128.161,,230761.907,227222.278,193031713,487,1264,1,20151007210104
617,3,220.119.123.125,,227820.048,222434.827,193040104,487,1264,1,20151007210047
618,3,218.147.8.36,,225671.493,227744.441,193022610,487,1264,1,20151007210022
619,3,59.21.82.73,,238810.226,226975.19,194027504,487,1264,1,20151007210044
620,3,121.176.180.22,,238931.051,222977.764,194024229,487,1264,1,20151007210032
621,3,121.146.18.35,,238051.89,223498.026,194027115,487,1264,1,20151007210105
622,3,121.146.18.38,,238776.644,222221.516,194024233,487,1264,1,20151007210027
623,3,222.96.101.21,,238223.638,221003.386,194026704,487,1264,1,20151007210102
624,2,115.22.123.182,,238929.17,227264.107,194027501,487,1264,1,20151007210025
625,3,222.96.7.180,,237836.159,221534.351,194026702,487,1264,1,20151007210028
626,3,121.146.18.25,,239211.778,224341.052,194024223,487,1264,1,20151007210048
627,3,59.21.80.46,,237948.058,226771.25,194024206,487,1264,1,20151007210051
628,3,118.35.191.64,,230731.963,240560.35,195040312,487,1264,1,20151007210053
629,3,118.35.189.229,,231190.483,238239.884,195040320,487,1264,1,20151007210018
630,3,221.164.81.49,,230905.962,240048.669,195040314,487,1264,1,20151007210034
631,3,112.185.167.163,,232375.564,235563.748,195025315,487,1264,1,20151007210039
632,3,112.185.167.160,,232133.146,233920.435,195040325,487,1264,1,20151007210106
633,3,125.135.102.181,,236373.577,225392.789,195024201,487,1264,1,20151007210027
634,3,121.176.168.21,,232596.987,231695.418,195040331,487,1264,1,20151007210019
635,3,175.215.220.45,,231223.348,236965.693,195020208,487,1264,1,20151007210056
636,3,221.162.159.236,,232182.682,233895.93,195040326,487,1264,1,20151007210102
637,2,118.38.73.67,,232298.007,231020.34,195014816,487,1264,1,20151007210024
638,2,211.193.152.15,,230685.22354562,237141.40721747,195020204,487,1264,1,20151007210020
639,2,112.185.162.198,,221871.434,230343.692,196020407,487,1264,1,20151007210023
640,3,221.164.47.88,,222610.3788,229903.8086,196020414,487,1264,1,20151007210037
641,3,220.77.154.61,,222465.793,230395.322,196020419,487,1264,1,20151007210036
642,3,118.35.134.174,,222504.853,229929.42,196020426,487,1264,1,20151007210052
643,3,220.77.141.37,,211010.57,229196.876,196030104,487,1264,1,20151007210115
644,3,115.22.114.20,,220877.907,230256.435,196040211,487,1264,1,20151007210101
645,3,121.176.128.115,,232312.18,231277.861,195014818,487,1264,1,20151007210105
646,3,220.77.140.84,,223461.316,229015.801,196040222,487,1264,1,20151007210053
647,3,115.22.226.110,,208112.687,223144.307,196030139,487,1264,1,20151007210022
648,3,115.22.114.193,,221042.717,230212.374,196040213,487,1264,1,20151007210100
649,3,192.168.0.2,,212586.456,228316.225,196015413,404,1235,0,20140623174901
650,3,118.35.153.226,,212586.456,228262.872,196015415,487,1264,1,20151007210017
651,3,210.113.133.155,,229570.187,227340.752,193040526,487,1264,1,20151007210049
652,3,118.39.86.46,2108,228326.58,227023.17,193031110,487,1264,1,20151007210101
653,3,121.146.27.155,2111,228150.19,227485.84,193031105,487,1264,1,20151007210040
654,3,112.163.36.234,2101,228014.03,227936.76,193031102,487,1264,1,20151007210108
655,3,223.175.82.105,2102,230635.81,227010.42,193040420,487,1264,1,20151007210105
656,3,222.119.129.180,2103,230663.11,226970.63,193040419,487,1264,1,20151007210116
657,3,121.146.21.50,2104,230310.96,226933.5,193040418,487,1264,1,20151007210106
659,3,121.146.25.51,2106,229986.7,226854.5,193040416,487,1264,1,20151007210111
660,3,121.146.23.84,2107,229995.79,226821.02,193040415,487,1264,1,20151007210049
661,3,222.119.122.15,2108,229618.11,226758.3,193040414,487,1264,1,20151007210026
662,3,121.146.23.97,2109,229628.72,226728.04,193040413,487,1264,1,20151007210113
663,3,121.146.21.248,2112,229075.63,226588.95,193040410,487,1264,1,20151007210116
664,3,222.119.4.27,2114,228696.21,226466.12,193040408,487,1264,1,20151007210016
665,3,125.135.86.116,,228135.447,226289.309,193040404,487,1264,1,20151007210021
666,3,125.135.86.245,2101,228062.28,226261.04,193040402,487,1264,1,20151007210036
667,3,121.146.27.14,,228172.657,226261.564,193040403,487,1264,1,20151007210102
668,3,121.146.27.36,2102,228107.5,226238.83,193040401,487,1264,1,20151007210034
670,3,222.96.188.189,2116,227290.71,228445.08,192021210,487,1264,1,20151007210043
671,3,118.47.79.133,2109,226847.65,228400.82,192021208,487,1264,1,20151007210031
672,3,118.39.91.41,2110,226394.88,228536.4,192021206,487,1264,1,20151007210047
673,3,118.39.91.44,2111,226335.99,228509.16,192021205,487,1264,1,20151007210112
674,3,121.176.162.32,2112,225811.06,228562.08,192021204,487,1264,1,20151007210031
675,3,118.39.79.23,2113,225806.66,228540.35,192021203,487,1264,1,20151007210052
676,3,210.123.178.200,,232276.152,232948.517,195040328,487,1264,1,20151007210047
677,3,210.123.178.200,,232276.152,232946.517,195040327,487,1264,1,20151007210047
679,3,112.163.21.97,,212584.528,228306.583,196015414,487,1264,1,20151007210057
680,3,118.35.153.226,,212585.171,228254.516,196015416,487,1264,1,20151007210017
681,3,220.77.139.100,2114,228063.94,227836.29,193031104,487,1264,1,20151007210107
682,3,121.176.249.18,2106,227829.14,228604.78,192021211,487,1264,1,20151007210108
683,3,59.21.69.111,,230045.84052402,227390.04136648,193031009,487,1264,1,20151007210050
684,3,59.21.102.162,,227453.87151016,229460.27709061,192030923,487,1264,1,20151007210109
685,3,59.28.166.183,,227773.61382199,228073.24563956,193022014,487,1264,1,20151007210037
701,0,59.21.83.67,,238363.5431,222469.2543,194013203,487,1264,1,20151007210103
702,0,61.76.164.98,,238594.6759,222376.0559,194013205,487,1264,1,20151007210115
703,3,211.193.152.30,,229886.979,237523.383,195014211,487,1264,1,20151007210059
704,3,223.175.90.8,,229760.878,237851.415,195014214,487,1264,1,20151007210103
705,3,14.44.110.184,,230001.2657,238060.1658,195061801,487,1264,1,20151007210020
706,3,118.38.73.168,,232350.494,230583.793,195014821,487,1264,1,20151007210059
707,2,14.44.68.32,,210213.6693,230126.0791,196020101,487,1264,1,20151007210113
708,3,183.104.143.44,,210215.9708,230107.4754,196020102,487,1264,1,20151007210116
709,0,121.176.247.50,,228272.1013,228786.4258,192021001,487,1264,1,20151007210115
710,0,121.176.255.47,,228653.3438,228800.5286,192021003,487,1264,1,20151007210105
711,0,121.176.246.26,,228980.5461,228915.6712,192021005,487,1264,1,20151007210021
712,0,121.176.248.134,,229271.8068,228984.7748,192021007,487,1264,1,20151007210035
713,0,121.176.255.52,,229603.2904,229134.3642,192021009,487,1264,1,20151007210032
714,2,115.22.103.11,,224230.0208,229588.9635,192021110,487,1264,1,20151007210059
715,3,115.22.106.205,,224634.9465,229143.386,192021114,487,1264,1,20151007210054
716,2,115.22.106.215,,224879.5337,228917.4716,192021116,487,1264,1,20151007210046
717,3,112.163.31.133,,238472.76395512,221427.85715126,194024237,487,1264,1,20151007210021
718,3,112.185.187.66,,238223.5221,221283.9113,194024239,487,1264,1,20151007210036
719,0,112.163.29.211,,237964.8372,221232.6612,194024241,487,1264,1,20151007210026
720,0,175.244.212.111,,236522.1939,223471.8713,194024247,487,1264,1,20151007210114
721,0,211.220.19.104,,234911.4414,223227.5833,193024814,487,1264,1,20151007210058
722,2,118.35.188.223,,232282.9836,235948.4534,195025313,487,1264,1,20151007210056
723,2,118.35.175.173,,232281.0038,235987.101,195025314,487,1264,1,20151007210054
724,3,221.162.159.223,,232143.6803,234631.6146,195025320,487,1264,1,20151007210037
725,3,175.244.234.187,,233554.0777,232170.6309,195026106,487,1264,1,20151007210059
726,3,121.176.168.82,,233463.6836,231818.3517,195026108,487,1264,1,20151007210045
727,3,59.19.203.20,,237535.1393,220975.4707,194026502,487,1264,1,20151007210106
728,3,118.47.73.39,,238247.8076,223776.3412,194027114,396,1215,1,20151007210115
729,3,222.96.7.117,,237934.1009,221997.8816,194027123,487,1264,1,20151007210043
730,3,59.21.82.11,,238806.6871,227006.536,194027503,487,1264,1,20151007210108
731,3,118.35.168.250,,239101.1568,227688.37,194027716,487,1264,1,20151007210047
732,0,218.146.171.17,,229248.1071,229551.1961,192030917,487,1264,1,20151007210053
733,0,121.176.248.144,,228109.1725,229508.0776,192030921,487,1264,1,20151007210052
734,3,118.38.73.28,,232245.881,231591.66,195030933,487,1264,1,20151007210033
735,3,121.176.168.46,,232399.708,231556.355,195030934,487,1264,1,20151007210049
736,0,121.146.21.104,,231471.2266,224674.7577,193031404,487,1264,1,20151007210036
737,0,125.135.87.91,,231873.2074,224453.8243,193031406,487,1264,1,20151007210031
738,0,169.254.108.106,,233293.083,224033.4717,193031410,487,1264,1,20151007210104
739,0,211.220.19.235,,234860.0162,223523.6315,193031416,487,1264,1,20151007210043
740,3,121.146.34.27,,223074.596,229098.367,196040220,487,1264,1,20151007210114
741,2,118.38.74.33,,231745.162,230419.723,192040501,487,1264,1,20151007210029
742,3,222.96.37.147,,231752.6709,230374.918,192040502,487,1264,1,20151007210039
743,3,112.185.190.18,,230342.4137,229622.4101,192040512,487,1264,1,20151007210058
744,0,175.244.240.83,,223506.5709,226754.6665,193040617,487,1264,1,20151007210031
745,0,175.244.204.227,,223590.1265,226826.0205,193040618,487,1264,1,20151007210044
746,3,121.146.5.42,,239197.81455528,224990.25082155,194024220,487,1264,1,20151007210039
800,3,222.96.37.76,,231107.52184914,230263.02600654,192011206,487,1264,1,20151007210111
801,2,59.28.220.221,,231775.82624654,230874.06609688,192011306,487,1264,1,20151007210054
802,3,121.146.50.12,,221391.6313,230486.1847,196020403,487,1264,1,20151007210018
803,3,220.77.154.141,,221908.736,230832.588,196020416,487,1264,1,20151007210115
804,2,112.185.202.29,,224548.308,230199.627,192021118,374,1220,1,20140603112459
805,3,121.176.162.15,,225227.90325047,228707.90037099,192021201,487,1264,1,20151007210055
806,3,121.176.162.12,,225189.83345112,228747.84822211,192021202,487,1264,1,20151007210018
807,3,183.103.237.26,,226778.04113652,228404.12066786,192021207,487,1264,1,20151007210104
808,2,121.176.255.45,,229719.119,228877.841,192021406,487,1264,1,20151007210108
809,3,121.176.247.127,,228109.33748262,228479.61550518,192021601,487,1264,1,20151007210023
810,2,121.176.246.20,,228149.78303542,228505.68062787,192021602,487,1264,1,20151007210104
811,3,121.176.247.11,,228138.38271848,228471.16384414,192021603,487,1264,1,20151007210026
812,3,121.176.247.15,,228919.354,228499.409,192021606,487,1264,1,20151007210047
813,1,121.176.247.171,,228925.354,228499.409,192021606,487,1264,1,20151007210038
814,2,118.39.78.108,,225090.24153617,228300.24025179,193022003,487,1264,1,20151007210052
815,3,218.147.8.157,,225193.43832703,228268.06392804,193022006,487,1264,1,20151007210043
816,2,14.44.65.39,,231353.876,226646.535,193023204,487,1264,1,20151007210057
817,3,121.146.31.10,,231019.60247288,209723.67932017,196023307,487,1264,1,20151007210108
818,2,14.44.65.248,,230842.13863901,226335.0440233,193023604,487,1264,1,20151007210057
819,2,112.185.186.233,,238864.04342415,222656.8211263,194024231,487,1264,1,20151007210100
820,2,112.185.190.145,,230495.732,228555.02,192024304,487,1264,1,20151007210100
821,2,175.200.20.110,,238357.62847683,221008.03708366,194025011,487,1264,1,20151007210058
822,3,14.44.110.243,,232341.086,234949.404,195025318,487,1264,1,20151007210031
823,2,112.185.167.7,,232390.18949163,235541.87348119,195025316,487,1264,1,20151007210030
824,0,112.163.31.106,,241444.54063572,229164.25005936,194027708,487,1264,1,20151007210039
825,2,112.163.5.16,,238974.69744114,227374.87838643,194027717,487,1264,1,20151007210027
826,3,14.44.76.96,,206403.77745463,235211.82861605,196030209,487,1264,1,20151007210109
827,3,112.185.170.33,,208099.32300114,232679.07084225,196030220,462,1256,1,20151007210029
828,3,112.163.56.177,,214416.42670025,238479.42081003,196030315,487,1264,1,20151007210025
829,3,112.163.13.238,,214340.49333016,237496.5876496,196030319,487,1264,1,20151007210053
830,3,112.185.203.142,,212458.86359433,229025.02269641,196030410,487,1264,1,20151007210100
831,3,112.185.221.181,,216943.618,229530.872,196030431,487,1264,1,20151007210048
832,3,118.35.223.251,,234072.80862957,229216.67036175,195030615,487,1264,1,20151007210039
833,3,1.108.49.1080,,234374.8914755,228925.46808057,195030617,487,1264,1,20151007210030
834,3,121.176.246.113,,229258.27000333,229521.05018283,192030918,487,1264,1,20151007210044
835,3,175.244.231.219,,227481.13217397,229435.85343875,192030924,487,1264,1,20151007210036
836,3,59.28.166.72,,228041.4882736,227823.34652581,193031103,487,1264,1,20151007210048
837,3,221.162.224.88,,228172.36094242,227500.22302095,193031106,487,1264,1,20151007210113
838,3,121.146.26.103,,228178.01985517,227402.82387868,193031107,487,1264,1,20151007210041
839,3,221.162.224.183,,228202.12385381,227408.88506991,193031108,487,1264,1,20151007210103
840,3,121.146.26.126,,228423.19266262,226642.91453042,193031113,487,1264,1,20151007210110
841,3,222.119.4.19,,228474.75806147,226567.51971275,193031114,487,1264,1,20151007210057
842,3,59.28.166.225,,228464.14141321,226513.3390644,193031115,487,1264,1,20151007210016
843,3,121.146.26.16,,228592.15162908,226123.96253855,193031117,487,1264,1,20151007210047
844,3,223.175.87.181,,228617.7734702,226120.17179354,193031118,487,1264,1,20151007210039
845,3,121.146.27.29,,228125.89351453,226128.7034703,193031201,487,1264,1,20151007210050
846,2,125.135.87.76,,230432.24692509,225017.63510725,193031213,487,1264,1,20151007210114
847,3,211.196.174.13,,230747.57507684,224823.7658052,193031215,487,1264,1,20151007210018
848,3,211.196.174.35,,230713.02303784,224872.69662186,193031216,487,1264,1,20151007210020
849,3,221.161.218.218,,226233.11918523,217602.68781569,196031507,487,1264,1,20151007210050
850,3,61.76.218.19,,226289.35359956,217651.88748511,196031508,487,1264,1,20151007210047
851,3,121.146.61.150,,225549.65286124,215361.73739204,196031512,487,1264,1,20151007210109
852,3,222.96.37.152,,230888.50707717,228540.82753545,192031709,487,1264,1,20151007210019
853,3,222.119.129.41,,230817.29221742,226887.06251388,193031716,487,1264,1,20151007210038
854,2,59.19.122.113,,230347.57771155,216753.3608938,196040128,487,1264,1,20151007210053
855,3,118.35.191.156,,231076.02661752,238956.80463234,195040318,487,1264,1,20151007210106
856,3,221.162.159.206,,232026.41874157,234243.84837472,195040323,487,1264,1,20151007210036
857,3,221.162.159.211,,232070.42792456,234242.42809559,195040324,487,1264,1,20151007210019
858,3,223.175.89.3,,232394.33672928,232913.08170825,195040327,487,1264,1,20151007210045
859,3,121.176.140.117,,232624.97662684,231750.10826923,195040332,487,1264,1,20151007210043
860,3,121.176.140.13,,232686.29251385,231268.46360952,195040334,487,1264,1,20151007210056
861,3,118.38.73.93,,232657.6432369,228830.41444921,195040339,487,1264,1,20151007210025
862,3,118.38.73.98,,232719.83353316,228911.57039914,195040340,487,1264,1,20151007210029
863,2,121.146.27.70,,228107.49792351,226238.82511298,193040401,487,1264,1,20151007210030
864,2,125.135.86.41,,228142.95235002,226289.3481885,193040404,487,1264,1,20151007210037
865,3,220.77.139.106,,228746.77358334,226445.56574461,193040407,487,1264,1,20151007210109
866,3,220.77.139.164,,229005.51623259,226528.83210931,193040409,487,1264,1,20151007210039
867,2,222.119.129.138,,230663.10746778,226970.62893755,193040419,487,1264,1,20151007210051
868,2,223.175.82.105,,230635.81105044,227010.41675722,193040420,487,1264,1,20151007210109
869,3,121.146.40.10,,231582.03735678,227025.69976085,193040425,487,1264,1,20151007210038
870,2,183.103.234.65,,229366.54001773,228686.48616236,192040519,487,1264,1,20151007210045
871,3,121.146.23.10,,230005.83217584,226017.21155832,193040532,487,1264,1,20151007210109
872,3,211.196.174.27,,229996.87360551,225635.83660505,193040534,487,1264,1,20151007210105
873,3,118.38.74.106,,231743.15138734,230681.88832736,192011308,487,1264,1,20151007210024
874,4,59.19.203.132,,227748.78389869,231013.90357974,192011801,487,1264,1,20151007210024
875,4,112.163.37.32,,230451.0797,227664.3553,193023702,487,1264,1,20151007210044
876,2,112.163.46.41,,233362.20262198,231758.49991847,195026107,487,1264,1,20151007210058
877,3,211.193.152.69,,229875.413,237513.741,195014209,487,1264,1,20151007210045
878,3,211.193.152.63,,229733.238,237367.387,195014212,487,1264,1,20151007210059
879,3,211.193.152.44,,230354.15227929,237358.95059919,195020213,487,1264,1,20151007210052
880,2,14.44.68.21,,211541.37506341,229654.40247647,196020623,487,1264,1,20151007210058
881,3,183.103.233.50,,228547.49076371,230739.66968337,192023903,487,1264,1,20151007210027
882,2,183.103.233.251,,228536.00795533,230220.59766791,192023905,487,1264,1,20151007210050
883,2,59.21.80.45,,237941.731,226727.691,194024205,487,1264,1,20151007210108
884,2,183.104.145.165,,231044.8118568,229865.81794152,192024702,487,1264,1,20151007210049
885,3,118.35.131.202,,238011.03244448,220821.11034614,194025005,487,1264,1,20151007210041
886,3,211.193.152.16,,231915.22028107,238593.85329995,195025525,422,1237,1,20151007210058
887,2,183.104.133.31,,237595.45707038,221078.92101478,194026506,487,1264,1,20151007210031
888,3,59.21.109.15,,237803.4262386,222922.33330855,194027119,487,1264,1,20151007210039
889,3,220.92.126.4,,223154.6459006,226753.4162478,193030714,487,1264,1,20151007210056
890,3,59.21.124.85,,228131.65141701,229481.5124123,192030922,487,1264,1,20151007210024
891,2,115.22.117.138,,233527.54846338,232284.26324901,195026105,487,1264,1,20151007210036
892,3,211.219.243.36,,229143.79663269,219095.64123226,196040116,487,1264,1,20151007210043
893,3,203.251.107.82,,229607.24178915,228957.15935893,192040518,487,1264,1,20151007210035
894,3,222.119.70.12,,229620.00321484,227059.64643254,193040527,487,1264,1,20151007210110
895,3,59.21.69.132,,229700.17664493,226975.03980443,193040528,487,1264,1,20151007103034
896,3,121.146.25.33,,229955.3391657,225930.60453707,193040531,487,1264,1,20151007210043
897,3,220.84.17.208,,229950.48866906,225616.70284461,193040533,487,1264,1,20151007210111
898,2,211.246.69.183,,212589.13790761,228377.16028541,196015429,487,1264,1,20151007210109
899,2,14.44.106.120,,228023.2164,230950.6612,192011804,487,1264,1,20151007210055
901,3,221.164.47.118,,222190.6262,230558.234,196020418,487,1264,1,20151007210034
902,3,61.76.41.56,,221730.538,231207.002,196020423,487,1264,1,20151007210030
903,3,118.35.155.136,,211102.1764,229610.2277,196030239,487,1264,1,20151007210031
904,4,59.21.87.91,,220490.9478,229523.3706,196020805,487,1264,1,20151007210059
905,4,59.21.87.89,,220782.8933,229599.4956,196020807,487,1264,1,20151007210100
906,4,59.21.87.79,,221036.5627,229665.4786,196020809,487,1264,1,20151007210033
907,2,112.185.162.72,,221643.9967,230374.5379,196020405,487,1264,1,20151007210038
908,4,61.76.132.129,,220888.0204,230270.7975,196040212,487,1264,1,20151007210056
909,0,112.185.169.85,,215139.9674,228076.0962,196030420,487,1264,1,20151007210050
910,0,220.95.100.157,,221157.2229,233421.7868,196020733,487,1264,1,20151007210039
911,0,220.95.101.249,,220930.8582,232166.3701,196020737,487,1264,1,20151007210109
912,3,118.35.222.39,,217433.1964,215827.5989,196030527,487,1264,1,20151007210033
913,3,121.146.22.55,,230346.8765,226337.0344,193023601,487,1264,1,20151007210030
914,0,121.176.180.72,,238479.6663,224370.2679,194027109,487,1264,1,20151007210027
915,4,112.185.187.151,,238414.0114,224177.0399,194027111,487,1264,1,20151007210046
916,4,125.135.67.4,,238227.1876,223776.0029,194027113,487,1264,1,20151007210101
918,2,112.163.9.192,,238683.016,221776.178,194024235,484,1263,1,20151007210108
919,3,121.146.40.152,,231657.779,227064.6,193040428,487,1264,1,20151007210045
920,2,175.244.219.12,,231935.4682,226920.5771,193012310,487,1264,1,20151007210100
921,3,59.28.164.224,,230798.08,226804.2262,193031715,487,1264,1,20151007210023
922,0,14.44.68.10,,210329.9328,229225.022,196015432,487,1264,1,20151007210107
923,2,121.176.177.207,,228793.002,225555.871,193022902,422,1237,1,20151007210030
924,3,121.146.25.25,,229338.1568,225590.4601,193031207,487,1264,1,20151007210109
925,3,220.77.139.92,,230428.5761,227113.8371,193023704,487,1264,1,20151007210028
926,3,59.28.164.39,,230881.4788,226498.8362,193031717,487,1264,1,20151007210036
927,3,121.146.23.133,,230365.5361,226362.0393,193023602,487,1264,1,20151007210054
928,3,59.21.88.186,,234003.8128,222825.8543,193024807,487,1264,1,20151007210049
929,4,121.146.6.21,,234383.7436,222955.5498,193024809,487,1264,1,20151007210112
930,3,121.146.6.48,,234654.1835,223024.3534,193024811,422,1237,1,20151007210037
931,3,118.35.223.250,,233845.124,229292.6653,195030613,487,1264,1,20151007210101
932,3,112.185.202.102,,224113.4686,229958.0261,192021107,487,1264,1,20151007210113
933,3,112.185.202.170,,224130.759,230135.261,192021105,487,1264,1,20151007210042
934,3,183.103.236.176,,228763.4286,231128.8062,192023901,487,1264,1,20151007210042
935,2,115.22.112.185,,228308.7945,230832.6535,192011805,487,1264,1,20151007210109
936,3,118.35.188.169,,232171.15,238437.503,195025519,487,1264,1,20151007210052
937,3,61.76.100.223,,226354.6868,218029.7618,196031506,487,1264,1,20151007210030
938,3,121.176.178.48,,231717.2986,231272.8445,192011304,487,1264,1,20151007210020
939,3,210.91.185.119,,231592.5633,231507.1805,192011302,487,1264,1,20151007210022
941,0,61.79.46.160,,241430.8801,229168.941,194027707,487,1264,1,20151007210028
942,0,183.104.128.154,,241337.4667,229366.4298,194027705,487,1264,1,20151007210037
943,0,61.79.51.170,,241316.7531,229835.502,194027703,487,1264,1,20151007210028
944,0,220.84.148.186,,241194.6576,230077.1295,194027701,487,1264,1,20151007210102
945,2,112.185.218.139,,233071.2883,231797.3576,195025704,487,1264,1,20151007210030
946,3,112.185.167.154,,232332.73,234971.26,195025317,487,1264,1,20151007210025
947,0,210.113.133.199,,230434.004,227671.0666,193023701,487,1264,1,20151007210052
948,3,175.244.70.225,,230305.5236,227482.6796,193031011,487,1264,1,20151007210025
949,3,210.113.133.187,,230284.777,227500.8031,193031012,487,1264,1,20151007210105
950,3,118.35.223.177,,232779.7966,229626.1408,195040338,487,1264,1,20151007210035
951,3,115.22.100.79,,230231.801,229597.9653,192040513,487,1264,1,20151007210116
952,3,118.39.102.177,,228773.227,224973.684,193023807,487,1264,1,20151007210115
953,3,183.103.240.212,,228883.78,225294.769,193022906,487,1264,1,20151007210037
954,3,121.176.128.86,,232243.36902681,230436.04641423,195014822,487,1264,1,20151007210020
955,2,220.77.139.72,,230405.186,227109.09,193023705,487,1264,1,20151007210109
956,3,222.97.94.46,,228655.96,224545.099,193012408,445,1252,1,20151007210054
957,3,112.185.200.214,,231752.9132,238544.3167,195025529,474,1259,1,20151007210054
958,0,59.21.91.27,,223110.477,228956.247,196040247,487,1264,1,20151007210037
959,0,183.104.156.209,,227777.8291,215410.747,196022305,487,1264,1,20151007210114
960,0,59.19.122.111,,230082.5987,215822.638,196031609,487,1264,1,20151007210028
961,0,222.119.242.193,,209720.4035,230581.2986,196030231,487,1264,1,20151007210034
962,0,118.35.145.35,,229633.9938,226433.8834,193012102,487,1264,1,20151007210048
963,2,121.146.25.26,,229382.6459,225380.0457,193075002,487,1264,1,20151007210031
964,0,121.176.248.138,,229362.2085,228792.6278,192066807,487,1264,1,20151007210108
965,0,121.176.247.133,,227973.51,228861.5011,192063108,487,1264,1,20151007210103
966,0,118.38.70.92,,227954.7233,227156.0954,193063601,487,1264,1,20151007210103
967,0,222.96.7.59,,238075.3803,222497.9559,194060902,487,1264,1,20151007210111
1000,3,223.175.87.34,,229710.5293,228389.2978,192021611,487,1264,1,20151007210045
1001,3,223.175.94.65,,228701.249,231403.206,192011701,487,1264,1,20151007210055
1002,4,61.76.217.5,,226990.2504,229209.1189,192030926,487,1264,1,20151007210035
1003,4,223.175.87.157,,230211.1781,228339.508,192021613,487,1264,1,20151007210021
1004,2,223.175.80.181,,231935.4682,226920.5771,193012310,487,1264,1,20151007210105
1005,0,223.175.95.202,,231887.033,219170.926,193023518,487,1264,1,20151007210023
1006,4,59.21.86.216,,231839.6169,221073.87,193023512,487,1264,1,20151007210053
1007,4,220.77.139.70,,230905.2776,222680.8358,193023508,487,1264,1,20151007210110
1008,0,220.77.139.90,,231252.2696,223723.8008,193023504,487,1264,1,20151007210037
1009,0,121.176.177.223,,229992.4768,223798.2355,193040352,487,1264,1,20151007210101
1010,0,112.163.38.77,,228901.6018,223241.6761,193040356,487,1264,1,20151007210040
1011,4,118.38.70.150,,228327.8078,224804.0231,193012402,487,1264,1,20151007210113
1012,4,118.38.70.212,,228514.2137,224717.7362,193012404,487,1264,1,20151007210022
1013,4,121.176.175.210,,228947.7371,225104.0263,193022904,487,1264,1,20151007210111
1014,4,118.39.86.52,,229317.2596,227598.5123,193022807,487,1264,1,20151007210038
1015,3,59.21.110.247,,230061.1179,227835.789,193022811,487,1264,1,20151007210035
1016,4,121.146.40.188,,231793.8259,227425.1883,193031020,487,1264,1,20151007210053
1017,4,223.175.81.175,,230541.9605,227546.142,193031016,487,1264,1,20151007210017
1018,4,59.28.163.177,,230557.4772,227517.5664,193031015,487,1264,1,20151007210056
1019,2,59.28.165.64,,231500.2883,226811.0576,193025105,487,1264,1,20151007210054
1020,2,59.28.165.66,,231054.3809,226644.4248,193023202,487,1264,1,20151007210029
1021,4,118.35.166.246,,233717.8562,222748.6792,193024805,487,1264,1,20151007210111
1022,3,59.28.165.172,,230914.9786,226514.4893,193031718,487,1264,1,20151007210104
1023,3,223.175.81.607,,237207.0651,220223.2512,194019014,487,1264,1,20151007210105
1024,3,112.163.12.75,,237392.0579,220187.4058,194025001,487,1264,1,20151007210037
1025,3,183.104.132.91,,237360.34,220645.4158,194026504,487,1264,1,20151007210059
1026,3,112.163.9.17,,237960.6962,222442.579,194013201,487,1264,1,20151007210044
1027,4,118.35.99.56,,238733.1873,222323.2856,194013206,487,1264,1,20151007210059
1028,0,59.28.220.39,,241229.0565,228596.5485,194027711,487,1264,1,20151007210116
1029,3,112.163.10.17,,237945.3115,222456.9318,194013202,487,1264,1,20151007210112
1030,0,118.35.223.141,,233325.5022,230323.1778,195025912,487,1264,1,20151007210107
1031,0,118.35.223.140,,233307.2963,230317.4467,195025911,487,1264,1,20151007210031
1032,4,223.175.89.213,,232916.7406,231044.4196,195025904,487,1264,1,20151007210016
1033,4,121.176.168.7,,232881.7807,231548.5687,195025901,487,1264,1,20151007210022
1034,3,118.35.161.97,,233169.2716,231626.744,195014702,487,1264,1,20151007210050
1035,3,223.175.83.70,,232365.398,238320.721,195014102,487,1264,1,20151007210057
1036,3,1.109.184.145,,229711.503,237360.761,195014210,487,1264,1,20151007210109
1037,2,118.39.102.157,,230911.5634,224603.7538,193023501,487,1264,1,20151007210047
1038,3,112.163.26.195,,240559.9063,235435.0965,195026345,487,1264,1,20151007210111
1039,0,112.163.27.180,,240851.9304,235230.9924,195027901,487,1264,1,20151007210043
1040,4,61.76.38.62,,240579.1724,235444.0243,195026318,487,1264,1,20151007210021
1041,4,112.163.26.49,,240523.7629,235920.5979,195026315,487,1264,1,20151007210110
1042,4,112.163.27.93,,241006.8081,231009.1126,195027923,487,1264,1,20151007210113
1043,0,14.44.96.38,,240953.7413,230668.9658,195027925,487,1264,1,20151007210040
1044,0,14.44.96.15,,238931.4967,232885.1613,195026327,487,1264,1,20151007210049
1045,4,112.163.27.174,,239237.8204,234291.4877,195026323,487,1264,1,20151007210050
1046,4,223.175.90.142,,241515.2605,234278.8653,195027909,487,1264,1,20151007210030
1047,0,112.163.27.178,,241321.6036,232126.9123,195027917,487,1264,1,20151007210102
1048,4,169.254.245.141,,232283.203,231346.545,195014824,487,1264,1,20151007180736
1049,3,121.176.168.116,,232536.4303,232073.1118,195040329,487,1264,1,20151007210113
1050,4,59.21.107.162,,227878.9884,221684.7701,196040107,487,1264,1,20151007210109
1051,4,59.21.107.106,,226848.761,221249.3545,196024622,487,1264,1,20151007210037
1052,4,115.22.126.114,,227987.293,220838.137,196040136,487,1264,1,20151007210028
1053,3,210.222.163.32,,227955.9199,221285.5016,196040110,487,1264,1,20151007210104
1056,3,118.35.173.175,,227844.144,215695.763,196022303,487,1264,1,20151007210055
1057,4,61.76.167.81,,230374.0162,216135.0094,196040132,487,1264,1,20151007210107
1058,4,1.109.185.160,,226797.9381,205525.6043,196015962,487,1264,1,20151007210037
1059,4,112.185.165.32,,229547.4688,205907.4682,196023326,487,1264,1,20151007210051
1060,0,115.22.121.28,,229955.9991,206047.4468,196023324,487,1264,1,20151007210043
1061,4,121.146.11.49,,232281.9369,207098.5753,196023314,487,1264,1,20151007210032
1062,0,61.76.94.173,,232288.3538,207034.9309,196023313,487,1264,1,20151007210102
1063,0,61.76.167.59,,229907.0734,214652.698,196015862,487,1264,1,20151007210106
1064,4,223.175.81.22,,230333.8264,217273.4531,196040126,487,1264,1,20151007210112
1065,4,211.197.43.63,,230337.423,218278.4506,196040122,487,1264,1,20151007210032
1066,4,183.104.138.71,,230207.631,218865.396,196040120,487,1264,1,20151007210111
1067,4,115.22.126.163,,228657.7406,219239.6395,196040114,487,1264,1,20151007210053
1068,4,223.175.94.144,,229114.7596,219066.2555,196040115,487,1264,1,20151007210112
1069,4,221.162.212.219,,227753.2714,222019.1158,196022102,487,1264,1,20151007210023
1070,4,210.222.163.67,,227924.004,221245.3137,196040109,487,1264,1,20151007210101
1071,4,112.185.161.73,,224877.6528,235326.9612,196015255,487,1264,1,20151007210112
1072,4,221.161.218.39,,226329.23,218074.0605,196031505,487,1264,1,20151007210031
1073,4,221.161.218.75,,225517.9679,215354.0159,196031511,487,1264,1,20151007210115
1074,4,118.35.111.118,,225501.5521,213724.0955,196031513,487,1264,1,20151007210023
1075,4,221.152.117.101,,225505.8004,213410.784,196031515,487,1264,1,20151007210110
1076,4,112.163.20.127,,225487.1491,213260.5044,196031517,487,1264,1,20151007210049
1077,4,183.104.152.50,,225674.8584,213098.2525,196031519,487,1264,1,20151007210025
1078,4,112.163.19.4,,225484.6826,212899.1334,196031521,487,1264,1,20151007210046
1079,4,112.163.19.224,,225490.1188,212887.1711,196031522,487,1264,1,20151007210103
1080,3,112.163.19.40,,225549.2569,212664.5173,196025401,487,1264,1,20151007210028
1081,3,175.200.20.217,,225793.2831,212593.3433,196025403,487,1264,1,20151007210109
1082,3,112.163.19.50,,226174.5338,212474.2999,196025405,487,1264,1,20151007210038
1083,4,112.163.18.187,,227078.8214,212374.2202,196025410,487,1264,1,20151007210111
1084,4,115.22.122.45,,227080.067,212353.6862,196025409,487,1264,1,20151007210042
1085,4,61.76.95.82,,226754.2341,212410.8874,196025408,487,1264,1,20151007210054
1086,4,118.35.111.105,,225572.1242,213392.5854,196031516,487,1264,1,20151007210040
1087,3,118.35.111.73,,225510.2714,213771.8549,196031514,487,1264,1,20151007210115
1088,3,218.147.62.37,,221632.0602,221813.7254,196024604,487,1264,1,20151007210108
1089,4,112.163.17.204,,221212.8882,221699.763,196024628,487,1264,1,20151007210028
1090,4,115.22.107.90,,219646.0623,220913.5585,196024446,487,1264,1,20151007210115
1091,3,175.200.32.40,,219280.353,221458.5256,196024441,487,1264,1,20151007210107
1092,4,175.200.32.84,,219293.2711,221487.9614,196024442,487,1264,1,20151007210034
1093,4,115.22.107.83,,219689.197,220898.6756,196024445,487,1264,1,20151007210108
1094,4,118.35.180.161,,219398.159,221238.4324,196024443,487,1264,1,20151007210052
1095,4,112.185.204.122,,217180.01,217708.98,196015734,487,1264,1,20151007210021
1096,3,61.76.96.5,,217785.7566,218069.4696,196015704,487,1264,1,20151007210040
1097,4,221.164.51.151,,221959.8811,224724.1574,196030510,487,1264,1,20151007210107
1098,4,221.162.167.51,,217922.7583,216429.5673,196030525,487,1264,1,20151007210106
1099,4,118.39.87.190,,218229.1563,216974.2843,196030523,487,1264,1,20151007210038
1100,4,112.185.160.75,,224325.9831,236039.6413,196015251,487,1264,1,20151007210114
1101,4,112.185.160.161,,224533.2511,235709.5164,196015253,487,1264,1,20151007210048
1102,4,112.185.160.200,,224187.5707,232277.4819,196021333,487,1264,1,20151007210039
1103,3,61.76.41.48,,221737.756,231217.003,196020424,487,1264,1,20151007210039
1104,3,1.109.184.130,,225309.397,226725.201,193040601,487,1264,1,20151007210058
1105,4,61.76.132.148,,221121.4381,230460.3148,196020744,487,1264,1,20151007210049
1106,4,223.175.85.13,,221389.7029,230453.4019,196020404,487,1264,1,20151007210108
1107,4,220.119.86.226,,218124.888,230593.29,196040229,487,1264,1,20151007210114
1108,3,121.176.161.132,,217399.168,230683.925,196040234,487,1264,1,20151007210032
1109,4,223.175.89.168,,216702.8337,229188.9549,196030430,487,1264,1,20151007210110
1110,4,223.175.89.254,,216683.011,229121.3416,196030429,487,1264,1,20151007210030
1111,4,121.176.199.219,,216490.6162,228861.9206,196030427,487,1264,1,20151007210105
1112,4,112.185.169.194,,216099.3263,228547.8089,196030426,487,1264,1,20151007210105
1113,4,112.185.169.242,,214779.5128,228095.31,196030417,487,1264,1,20151007210023
1114,4,223.175.91.55,,211794.0568,229529.0418,196030401,487,1264,1,20151007210051
1115,4,112.185.203.5,,211801.709,229540.782,196030402,487,1264,1,20151007210039
1116,4,183.104.153.223,,210670.1192,230013.3269,196020608,487,1264,1,20151007210023
1117,4,183.104.143.27,,210400.7682,230208.3553,196020606,487,1264,1,20151007210108
1118,4,183.104.153.134,,209826.8587,230285.5904,196030238,487,1264,1,20151007210027
1119,4,223.175.95.213,,209736.6378,230569.1262,196030232,487,1264,1,20151007210108
1120,4,112.185.222.202,,209086.5393,231235.2171,196030228,487,1264,1,20151007210031
1121,4,112.185.222.41,,208413.4339,232365.3192,196030222,487,1264,1,20151007210034
1122,4,61.76.97.37,,206085.0635,235448.4951,196030207,487,1264,1,20151007210025
1123,3,223.175.93.146,,203881.779,235542.484,196030201,487,1264,1,20151007210036
1124,4,221.152.136.17,,212144.5217,229232.2934,196030407,487,1264,1,20151007210055
1125,4,14.44.111.75,,212429.0512,229022.8223,196030409,474,1259,1,20150527151606
1126,4,220.95.100.145,,218316.2508,230558.8541,196040203,487,1264,1,20151007210053
1127,4,121.176.155.1,,212066.1466,229331.3829,196030406,487,1264,1,20151007210021
1128,4,118.38.86.178,,211317.2811,229554.6268,196030242,487,1264,1,20151007210059
1129,4,112.185.203.211,,210377.883,229462.233,196015434,487,1264,1,20151007210044
1130,4,14.44.76.173,,205081.0685,235567.3585,196030205,487,1264,1,20151007210029
1131,4,223.175.90.40,,204196.5293,235475.6905,196030203,487,1264,1,20151007210030
1132,4,223.175.83.128,,206779.6662,234875.3725,196030213,487,1264,1,20151007210047
1133,4,121.176.238.10,,210792.5365,229918.2382,196020611,487,1264,1,20151007210042
1134,4,118.35.125.119,,208956.706,231713.171,196030225,487,1264,1,20151007210110
1135,4,183.104.143.2,,211087.1565,230524.5839,196015603,487,1264,1,20151007210021
1136,4,112.185.223.77,,217889.6608,246304.1897,196015202,487,1264,1,20151007210052
1137,4,112.163.13.63,,215293.5829,239956.5611,196030313,487,1264,1,20151007210042
1138,4,112.185.185.64,,218217.2693,239735.3877,196020711,487,1264,1,20151007210114
1139,4,112.185.185.77,,218208.3272,239763.0831,196020712,487,1264,1,20151007210031
1140,3,61.76.81.108,,230664.653,228917.111,192024705,454,1255,1,20151007210059
1141,4,115.22.114.124,,218392.878,230639.422,196040228,487,1264,1,20151007210046
1142,4,223.175.108.173,,208361.8108,223325.6626,196030138,487,1264,1,20151007210053
1143,4,118.39.83.150,,210729.1336,228541.9177,196015426,487,1264,1,20151007210109
1144,0,112.185.210.115,,219826.372,237437.486,196020725,487,1264,1,20151007210112
1145,0,112.185.210.38,,219892.6539,237061.4521,196020727,487,1264,1,20151007210029
1146,4,112.185.162.73,,220308.188,229474.361,196020803,487,1264,1,20151007210031
1147,4,175.215.251.104,,211395.6314,229745.7844,196020619,487,1264,1,20151007210045
1148,4,112.185.169.248,,217014.2636,229567.2193,196030432,487,1264,1,20151007210032
1149,3,221.164.51.172,,222412.0415,225835.4658,196030504,487,1264,1,20151007210040
1150,2,175.244.252.110,,231935.4682,226920.5771,193012310,487,1264,1,20151007210055
1151,3,61.78.191.47,,238482.133,225400.26,194027105,487,1264,1,20151007210038
1152,3,61.78.191.47,,238482.133,225400.26,194027105,487,1264,1,20151007210040
1153,0,223.175.95.108,,220289.578,230711.1341,196040209,487,1264,1,20151007210028
1154,2,183.103.234.229,,229454.263,228756.84,192040520,487,1264,1,20151007210047
1155,3,112.185.202.20,,224156.3111,230186.9617,192021106,487,1264,1,20151007210028
1156,2,222.96.108.151,,224129.1833,229880.0707,192021108,472,1258,1,20151007210050
1157,3,61.76.217.15,,226965.4534,229225.4621,192030925,487,1264,1,20151007210030
1158,2,183.104.145.193,,230996.3384,229575.981,192024716,487,1264,1,20151007210046
1159,3,121.176.176.51,,228769.55,225001.873,193023808,487,1264,1,20151007210044
1160,2,121.176.142.3,,227753.416,228053.1894,193022013,422,1237,1,20151007210044
1161,0,1.108.38.142,,232458.4264,224377.2693,193031408,487,1264,1,20151007210111
1162,0,121.176.176.210,,228774.2597,225574.1145,193022901,487,1264,1,20151007210043
1163,4,223.175.111.97,,225202.7764,228034.348,193020901,487,1264,1,20151007210108
1164,4,223.175.99.2,,225255.5461,228098.4106,193020902,487,1264,1,20151007210031
1165,4,121.146.60.117,,231370.1581,227470.5072,193031018,487,1264,1,20151007210054
1166,0,112.185.212.23,,228862.0636,223236.425,193040355,487,1264,1,20151007210109
1167,4,121.176.176.69,,228591.843,224935.21,193023805,487,1264,1,20151007210101
1168,0,121.176.175.125,,230751.959,224102.1552,193040348,487,1264,1,20151007210111
1169,0,222.119.70.64,,229318.0515,227161.9465,193031006,487,1264,1,20151007210025
1170,0,112.163.39.188,,228567.7837,227354.5844,193022801,487,1264,1,20151007210112
1171,0,223.175.79.187,,228184.3305,222913.0615,193040358,487,1264,1,20151007210026
1172,4,183.103.239.92,,230800.1835,222451.5808,193023510,487,1264,1,20151007210042
1173,2,121.176.170.182,,227524.2422,227742.4006,193022011,487,1264,1,20151007210105
1174,0,14.44.68.184,,228913.7693,225146.1704,193022903,487,1264,1,20151007210110
1175,4,112.163.7.192,,238395.9705,222481.6067,194013204,487,1264,1,20151007210057
1176,0,223.175.69.185,,236468.9375,223458.0986,194024248,487,1264,1,20151007210028
1177,0,223.175.88.196,,237012.1024,222196.5107,194024245,487,1264,1,20151007210050
1178,0,115.22.114.192,,218844.218,230620.685,196040236,487,1264,1,20151007210021
1179,0,223.175.104.175,,237148.7082,221923.467,194024246,487,1264,1,20151007210106
1180,2,223.175.96.30,,237470.55,226320.995,194024255,487,1264,1,20151007210101
1181,3,223.175.80.18,,232555.775,238200.612,195014104,487,1264,1,20151007210043
1182,3,203.228.108.135,,232753.0033,229390.7146,195040337,487,1264,1,20151007210101
1183,3,223.175.69.22,,229788.723,237821.825,195014213,487,1264,1,20151007210056
1184,0,118.35.175.39,,231281.6035,237362.8914,195040321,487,1264,1,20151007210102
1185,0,112.163.25.251,,228524.1323,237099.9466,195014509,487,1264,1,20151007210042
1186,0,61.76.38.107,,239867.692,238172.9906,195026305,487,1264,1,20151007210055
1187,3,211.219.216.209,,232648.8826,231236.0372,195040333,487,1264,1,20151007210048
1188,4,125.135.127.31,,236208.701,225297.434,195024202,487,1264,1,20151007210112
1189,0,112.163.27.79,,240981.5826,231564.802,195027921,487,1264,1,20151007210110
1190,4,121.176.242.145,,229462.7974,237097.8591,195061803,487,1264,1,20151007210102
1191,4,112.163.26.175,,240362.5669,235255.1127,195026319,487,1264,1,20151007210101
1192,4,223.175.99.62,,232903.2368,231046.5,195025903,487,1264,1,20151007210046
1193,0,223.175.91.234,,217597.5606,229742.2136,196030433,487,1264,1,20151007210109
1194,3,223.175.90.131,,230210.741,237794.926,195020211,487,1264,1,20151007210055
1195,0,223.175.109.222,,230666.0359,238012.389,195014309,487,1264,1,20151007210109
1196,0,183.104.152.175,,232947.877,230823.333,195025907,487,1264,1,20151007210051
1197,4,118.35.86.203,,232340.223,230820.325,195014819,487,1264,1,20151007210109
1198,0,223.175.89.146,,239036.1701,233560.294,195026325,487,1264,1,20151007210108
1199,0,61.76.38.47,,240003.7039,237707.9192,195026307,487,1264,1,20151007210033
1200,0,223.175.90.213,,239865.11,238424.0399,195026303,487,1264,1,20151007210114
1201,4,14.44.96.79,,241894.5067,233094.6225,195027915,487,1264,1,20151007210052
1202,4,125.135.124.65,,241942.0465,233482.2687,195027913,487,1264,1,20151007210051
1203,0,112.163.61.141,,241341.8305,235068.3604,195027903,487,1264,1,20151007210046
1204,0,112.185.167.88,,229826.8587,238445.9142,195014203,487,1264,1,20151007210107
1205,0,223.175.107.12,,241304.9321,234662.0406,195027905,487,1264,1,20151007210029
1206,4,1.109.184.219,,229855.1469,238001.1513,195014217,487,1264,1,20151007210026
1207,4,121.176.168.111,,232902.941,231447.535,195025902,487,1264,1,20151007210046
1208,4,61.76.96.3,,217755.8204,218063.4184,196015703,487,1264,1,20151007210042
1209,0,1.109.184.157,,232726.7133,230505.0336,195040336,487,1264,1,20151007210109
1210,2,59.21.107.104,,227683.2939,221734.5299,196022103,487,1264,1,20151007210051
1211,3,121.146.7.39,,228529.3261,215323.98,196031606,487,1264,1,20151007210043
1212,0,118.47.82.218,,227998.6835,215232.592,196031602,487,1264,1,20151007210044
1213,4,112.185.204.198,,216096.8433,217946.3354,196015709,487,1264,1,20151007210059
1214,0,223.175.69.147,,217727.996,245793.2782,196030301,487,1264,1,20151007210107
1215,4,61.76.199.17,,227092.7707,220980.7017,196022106,487,1264,1,20151007210040
1216,4,59.21.88.251,,227789.9059,222037.0693,196040105,487,1264,1,20151007210037
1217,4,221.162.139.165,,209972.4809,226986.402,196030120,487,1264,1,20151007210104
1218,4,59.21.65.147,,229406.5814,215381.3212,196031608,487,1264,1,20151007210045
1219,4,112.185.160.139,,225315.92106855,234731.87407545,196021341,487,1264,1,20151007210024
1220,0,118.35.167.218,,211502.7383,237237.9468,196015105,487,1264,1,20151007210114
1221,4,59.21.111.121,,212165.3838,229235.9842,196030408,487,1264,1,20151007210111
1222,3,223.175.104.183,,211265.8806,229553.7866,196030241,487,1264,1,20151007210034
1223,0,112.185.161.207,,226065.6781,238413.7579,196021305,487,1264,1,20151007210045
1224,4,218.159.239.237,,211294.546,230505.005,196015602,487,1264,1,20151007210108
1225,4,223.175.101.63,,211338.5639,230280.6095,196015609,487,1264,1,20151007210104
1226,0,112.163.56.171,,214313.3784,237966.32,196030317,487,1264,1,20151007210115
1227,0,112.185.160.3,,225941.2562,236570.2856,196021313,487,1264,1,20151007210054
1228,0,118.35.167.206,,212304.2086,233290.671,196030338,485,1264,1,20150911141332
1229,4,118.39.109.32,,213511.5549,235528.3024,196030323,487,1264,1,20151007210102
1230,0,112.163.56.141,,215605.2686,240627.483,196030311,487,1264,1,20151007210047
1231,4,59.21.107.103,,227084.3896,221017.0689,196022105,487,1264,1,20151007210038
1232,4,59.21.111.54,,212753.8365,228800.4386,196030411,487,1264,1,20151007210023
1233,3,223.175.101.154,,221832.663,231036.708,196020422,487,1264,1,20151007210107
1234,4,1.109.184.183,,215955.2963,228431.426,196030423,487,1264,1,20151007210104
1235,3,121.176.155.77,,211045.1336,229474.8511,196030102,487,1264,1,20151007210110
1236,0,223.175.85.198,,230156.8575,218849.2428,196040119,487,1264,1,20151007210102
1237,4,125.135.117.141,,227792.6034,222123.7864,196040106,486,1264,1,20150917185332
1238,0,221.162.212.233,,226516.2463,218928.4884,196031503,487,1264,1,20151007210033
1239,3,223.175.101.150,,210443.111,227879.5376,196030109,487,1264,1,20151007210033
1240,0,112.185.210.238,,220169.5117,241163.6884,196015223,487,1264,1,20151007210026
1241,4,115.22.107.241,,219182.6418,221749.3428,196024440,487,1264,1,20151007210101
1242,4,112.185.169.223,,209827.2464,226697.3552,196030121,487,1264,1,20151007210109
1243,0,223.175.99.242,,219819.451,220513.97,196030515,487,1264,1,20151007210034
1244,0,61.76.94.108,,228743.4162,205485.3663,196015954,487,1264,1,20151007210054
1245,4,61.76.100.146,,230305.1441,218321.6191,196040121,487,1264,1,20151007210053
1246,4,59.21.65.173,,230045.1476,215832.6699,196031610,487,1264,1,20151007210021
1247,0,112.185.161.208,,226100.5389,237054.2807,196021311,487,1264,1,20151007210100
1248,0,112.163.56.181,,214541.591,238429.361,196030316,487,1264,1,20151007210034
1249,0,118.35.165.91,,212702.997,234008.002,196030333,487,1264,1,20151007210113
1250,0,61.76.97.64,,206655.4341,235012.2994,196030211,487,1264,1,20151007210046
1251,4,121.146.11.86,,231472.5465,206644.8142,196023318,487,1264,1,20151007210108
1252,0,118.47.70.107,,221951.4505,224763.7152,196030509,487,1264,1,20151007210108
1253,4,112.185.169.123,,213510.0685,228099.8909,196030413,487,1264,1,20151007210052
1254,0,115.22.120.139,,229157.8779,205635.1258,196015952,487,1264,1,20151007210052
1255,0,118.35.165.88,,213537.9097,235528.9452,196030324,487,1264,1,20151007210035
1256,0,223.175.111.59,,207750.7389,233336.37,196030217,487,1264,1,20151007210107
1257,0,59.21.65.139,,225501.1726,214515.4111,196034524,487,1264,1,20151007210052
1258,0,183.104.140.126,,232093.3523,207725.0365,196023312,487,1264,1,20151007210107
1259,0,112.185.221.186,,214778.6384,228105.8721,196030418,487,1264,1,20151007210041
1260,0,61.76.100.46,,230334.2551,217756.8304,196040124,487,1264,1,20151007210027
1261,0,223.175.105.205,,212178.7062,233021.1581,196030339,487,1264,1,20151007210057
1262,3,61.76.92.155,,222796.872,229219.661,196040218,487,1264,1,20151007210105
1263,4,175.215.242.68,,229476.8888,215372.6695,196031607,487,1264,1,20151007210058
1264,4,59.21.111.75,,207735.0985,231416.4527,196015312,487,1264,1,20151007210050
1265,0,115.22.113.225,,218854.8209,230591.1305,196040205,487,1264,1,20151007210103
1266,4,59.21.65.144,,230332.4323,216720.0243,196040127,487,1264,1,20151007210106
1267,0,1.108.39.55,,215421.8489,228141.9291,196030421,487,1264,1,20151007210102
1268,0,112.185.161.209,,226062.5434,237844.146,196021307,487,1264,1,20151007210059
1269,0,112.163.13.235,,215314.346,239943.9486,196030314,487,1264,1,20151007210112
1270,0,118.35.165.145,,212097.8563,232374.471,196030341,487,1264,1,20151007210040
1271,4,1.109.184.225,,227961.0402,220826.8398,196040135,487,1264,1,20151007210111
1272,0,223.175.103.150,,215390.0072,228153.7515,196030422,487,1264,1,20151007210033
1273,4,211.193.189.23,,208707.9158,225099.5267,196030132,487,1264,1,20151007210042
1274,0,59.21.65.136,,225481.8366,214523.7627,196031523,487,1264,1,20151007210051
1275,4,121.176.199.44,,215775.8114,241190.2436,196030307,487,1264,1,20151007210025
1276,4,112.185.205.62,,218637.4064,241316.6784,196015225,487,1264,1,20151007210024
1277,0,59.21.111.86,,215700.9092,240904.8675,196030309,487,1264,1,20151007210106
1278,0,112.185.161.204,,224871.662,233307.699,196021327,487,1264,1,20151007210108
1279,0,112.185.165.147,,231005.5789,206811.2369,196023320,487,1264,1,20151007210051
1280,0,175.215.228.42,,211276.8768,222408.6924,196024410,487,1264,1,20151007210036
1281,0,223.175.95.21,,213781.8613,228010.4333,196030415,487,1264,1,20151007210058
1282,0,223.175.96.110,,213790.9024,228028.9769,196030416,487,1264,1,20151007210031
1283,0,59.21.107.215,0,225560.0798,221347.8039,196024613,487,1264,1,20151007210045
1284,0,112.185.165.105,,232100.4713,206848.8943,196023316,487,1264,1,20151007210036
1285,0,118.39.75.18,,224179.7918,221950.2923,196024611,487,1264,1,20151007210102
1286,0,121.146.54.150,,230393.0635,210315.2956,196023304,487,1264,1,20151007210059
1287,0,220.77.154.22,,220296.037,230733.9086,196040210,487,1264,1,20151007210111
1288,0,112.163.13.55,,215006.7767,239487.4089,196015293,487,1264,1,20151007210051
1289,0,175.215.250.240,,214385.5337,225220.865,196024425,487,1264,1,20151007210054
1290,0,175.215.250.249,,216262.5934,224846.7315,196024431,487,1264,1,20151007210050
1291,0,175.215.228.212,,214708.7599,225188.2186,196024427,487,1264,1,20151007210109
1292,0,112.163.56.166,,214330.7676,237962.3592,196030318,487,1264,1,20151007210109
1293,0,175.215.228.166,,213574.4036,223888.0731,196024417,487,1264,1,20151007210053
1294,0,112.185.165.221,,229541.2321,205922.4322,196023325,487,1264,1,20151007210046
1295,0,175.215.250.144,,211188.8171,222375.0758,196024409,487,1264,1,20151007210033
1296,0,112.185.165.86,,229949.6473,206058.369,196023323,487,1264,1,20151007210113
1297,0,1.108.38.221,,219308.0041,230637.5096,196040207,487,1264,1,20151007210048
1298,0,218.154.125.51,,210395.1093,222600.7901,196024407,487,1264,1,20151007210031
1299,0,175.215.250.198,,214200.5961,224865.4752,196024422,487,1264,1,20151007210053
1300,0,112.163.13.141,,216017.8293,241898.4433,196030305,487,1264,1,20151007210033
1301,0,223.175.101.212,,218767.2481,218333.4821,196065707,487,1264,1,20151007210115
1302,0,183.104.142.128,,209513.9275,226192.526,196030123,487,1264,1,20151007210109
1303,3,121.176.181.247,,237735.78471875,220585.9338132,194025003,487,1264,1,20151007210020
